temperature,humidity,co2_ppm,hour_of_day,day_of_week,expected_occupancy,actual_occupancy,outdoor_temp,floor,volume_m3,ac_btu,target_temp_offset
20.47,62.1,432.99,16,0,36,1.0,21.88,4,190,36000,0.3234
20.34,64.9,428.52,16,0,36,0.0,21.8,4,190,36000,0.2937
19.84,67.4,423.93,16,0,36,0.0,21.71,4,190,36000,0.249
20.52,70.1,870.13,17,0,36,18.0,21.62,4,190,36000,1.2039
21.26,64.6,891.21,17,0,36,19.0,21.53,4,190,36000,1.4358
20.48,70.4,861.04,17,0,36,18.0,21.43,4,190,36000,1.3324
20.79,73.9,904.26,17,0,36,19.0,21.33,4,190,36000,1.3084
20.86,67.7,864.04,17,0,36,18.0,21.22,4,190,36000,1.3306
21.17,73.1,865.66,17,0,36,18.0,21.11,4,190,36000,1.3067
20.81,69.1,867.03,18,0,36,18.0,21.0,4,190,36000,1.2385
20.14,65.0,406.64,8,1,36,0.0,19.89,8,150,30000,0.127
20.24,68.0,433.26,8,1,36,1.0,20.02,8,150,30000,0.2321
20.06,67.8,400.0,8,1,36,0.0,20.15,8,150,30000,0.083
20.48,68.8,810.33,9,1,36,16.0,20.28,8,150,30000,1.0858
20.8,74.0,796.26,9,1,36,15.0,20.4,8,150,30000,1.0089
20.57,67.1,800.29,9,1,36,15.0,20.53,8,150,30000,1.1039
20.7,72.7,784.25,9,1,36,15.0,20.65,8,150,30000,1.0671
20.78,77.5,778.73,9,1,36,14.0,20.77,8,150,30000,0.9892
20.6,68.3,776.57,9,1,36,14.0,20.89,8,150,30000,0.958
20.38,63.3,800.45,10,1,36,15.0,21.0,8,150,30000,1.1262
20.84,69.4,783.57,10,1,36,15.0,21.11,8,150,30000,1.1547
20.41,66.0,783.7,10,1,36,15.0,21.22,8,150,30000,1.1392
20.8,69.3,761.23,10,1,36,14.0,21.33,8,150,30000,1.2088
20.73,70.9,767.01,10,1,36,14.0,21.43,8,150,30000,1.1924
20.47,66.8,818.63,10,1,36,16.0,21.53,8,150,30000,1.0281
21.06,70.3,813.69,11,1,36,16.0,21.62,8,150,30000,1.1545
20.5,73.6,400.0,15,1,36,0.0,22.27,6,150,30000,0.2294
20.28,67.6,414.58,15,1,36,0.0,22.22,6,150,30000,0.2068
20.54,65.2,440.44,15,1,36,1.0,22.16,6,150,30000,0.3155
20.89,63.5,820.31,16,1,36,16.0,22.1,6,150,30000,1.2085
21.15,69.7,843.11,16,1,36,17.0,22.03,6,150,30000,1.4164
20.12,67.5,820.44,16,1,36,16.0,21.96,6,150,30000,1.0942
21.08,65.1,827.33,16,1,36,16.0,21.88,6,150,30000,1.1484
20.75,69.3,836.6,16,1,36,17.0,21.8,6,150,30000,1.3973
21.24,75.5,823.38,16,1,36,16.0,21.71,6,150,30000,1.2207
20.83,66.2,813.7,17,1,36,16.0,21.62,6,150,30000,1.1806
20.17,68.5,826.95,17,1,36,16.0,21.53,6,150,30000,1.0813
20.47,69.8,826.48,17,1,36,16.0,21.43,6,150,30000,0.9849
21.19,72.2,844.65,17,1,36,17.0,21.33,6,150,30000,1.182
21.2,73.1,804.45,17,1,36,15.0,21.22,6,150,30000,1.0559
21.0,68.9,814.01,17,1,36,16.0,21.11,6,150,30000,1.0003
20.64,70.2,838.53,18,1,36,17.0,21.0,6,150,30000,1.045
19.96,65.9,404.13,19,1,36,0.0,19.89,6,140,24000,0.0963
19.9,66.4,417.53,19,1,36,0.0,19.76,6,140,24000,0.0195
19.96,62.5,424.02,19,1,36,0.0,19.63,6,140,24000,0.0802
20.59,70.9,671.0,20,1,36,10.0,19.5,6,140,24000,0.5386
20.33,63.9,700.68,20,1,36,11.0,19.37,6,140,24000,0.5718
20.36,72.2,657.64,20,1,36,10.0,19.24,6,140,24000,0.4765
20.64,68.1,682.84,20,1,36,11.0,19.11,6,140,24000,0.6024
20.7,68.8,690.34,20,1,36,11.0,18.98,6,140,24000,0.6192
20.13,66.5,697.94,20,1,36,11.0,18.85,6,140,24000,0.5666
20.46,70.6,687.46,21,1,36,11.0,18.72,6,140,24000,0.43
19.91,70.0,706.75,21,1,36,11.0,18.6,6,140,24000,0.5475
20.14,64.7,710.62,21,1,36,12.0,18.47,6,140,24000,0.4833
20.08,71.8,708.08,21,1,36,12.0,18.35,6,140,24000,0.5873
20.76,65.7,705.66,21,1,36,11.0,18.23,6,140,24000,0.3832
20.74,65.4,713.37,21,1,36,12.0,18.11,6,140,24000,0.5772
20.68,68.7,697.78,22,1,36,11.0,18.0,6,140,24000,0.4191
20.22,69.8,429.43,18,3,28,0.0,20.65,10,190,36000,0.0909
19.6,67.7,409.88,18,3,28,0.0,20.53,10,190,36000,0.157
19.79,67.0,407.8,18,3,28,0.0,20.4,10,190,36000,0.1771
21.13,70.0,941.68,19,3,28,21.0,20.28,10,190,36000,1.5438
21.2,70.6,917.76,19,3,28,20.0,20.15,10,190,36000,1.3694
20.86,71.6,951.72,19,3,28,21.0,20.02,10,190,36000,1.4147
20.48,72.7,937.28,19,3,28,21.0,19.89,10,190,36000,1.5099
20.44,67.8,948.81,19,3,28,21.0,19.76,10,190,36000,1.4472
20.72,70.8,956.64,19,3,28,21.0,19.63,10,190,36000,1.494
20.76,67.8,975.53,20,3,28,22.0,19.5,10,190,36000,1.4888
20.22,64.5,930.78,20,3,28,20.0,19.37,10,190,36000,1.1667
21.22,69.5,929.85,20,3,28,20.0,19.24,10,190,36000,1.3096
20.61,75.3,940.82,20,3,28,21.0,19.11,10,190,36000,1.4379
21.2,67.4,963.43,20,3,28,22.0,18.98,10,190,36000,1.3668
20.77,65.6,931.74,20,3,28,20.0,18.85,10,190,36000,1.1963
21.11,71.2,960.84,21,3,28,22.0,18.72,10,190,36000,1.3295
21.18,69.7,931.82,21,3,28,20.0,18.6,10,190,36000,1.1703
20.71,68.4,932.59,21,3,28,21.0,18.47,10,190,36000,1.2677
20.94,72.8,935.71,21,3,28,21.0,18.35,10,190,36000,1.1597
20.24,68.9,926.52,21,3,28,20.0,18.23,10,190,36000,1.0048
21.01,72.5,944.74,21,3,28,21.0,18.11,10,190,36000,1.1613
20.87,67.2,933.36,22,3,28,21.0,18.0,10,190,36000,1.0353
19.95,63.9,400.0,15,4,36,0.0,22.27,6,150,30000,0.3054
20.18,67.6,437.49,15,4,36,1.0,22.22,6,150,30000,0.3173
20.0,67.8,420.37,15,4,36,0.0,22.16,6,150,30000,0.1067
20.89,74.1,861.76,16,4,36,18.0,22.1,6,150,30000,1.2152
20.4,72.2,867.24,16,4,36,18.0,22.03,6,150,30000,1.3775
20.81,70.3,881.43,16,4,36,18.0,21.96,6,150,30000,1.3572
21.07,67.0,839.42,16,4,36,17.0,21.88,6,150,30000,1.1872
20.79,70.7,828.79,16,4,36,16.0,21.8,6,150,30000,1.174
21.28,73.3,853.02,16,4,36,17.0,21.71,6,150,30000,1.2644
20.71,72.1,871.18,17,4,36,18.0,21.62,6,150,30000,1.2802
20.45,72.2,851.02,17,4,36,17.0,21.53,6,150,30000,1.2501
20.69,69.0,844.03,17,4,36,17.0,21.43,6,150,30000,1.1948
20.86,72.0,855.43,17,4,36,17.0,21.33,6,150,30000,1.161
20.5,64.1,811.4,17,4,36,16.0,21.22,6,150,30000,1.0841
20.77,71.7,823.56,17,4,36,16.0,21.11,6,150,30000,1.1829
21.05,68.5,865.93,18,4,36,18.0,21.0,6,150,30000,0.9742
20.1,68.4,439.42,19,4,28,1.0,19.89,10,190,36000,0.1896
20.36,63.0,415.01,19,4,28,0.0,19.76,10,190,36000,0.1294
20.46,72.1,429.34,19,4,28,0.0,19.63,10,190,36000,0.0033
20.48,71.6,679.4,20,4,28,10.0,19.5,10,190,36000,0.7346
20.31,70.8,745.42,20,4,28,13.0,19.37,10,190,36000,0.8265
20.78,72.3,702.99,20,4,28,11.0,19.24,10,190,36000,0.8183
20.38,69.0,664.11,20,4,28,10.0,19.11,10,190,36000,0.6699
20.64,69.5,684.87,20,4,28,11.0,18.98,10,190,36000,0.7841
20.34,72.5,688.99,20,4,28,11.0,18.85,10,190,36000,0.8187
20.1,66.0,711.97,21,4,28,12.0,18.72,10,190,36000,0.7466
20.22,70.4,686.68,21,4,28,11.0,18.6,10,190,36000,0.5819
20.37,67.8,667.02,21,4,28,10.0,18.47,10,190,36000,0.4661
20.38,69.3,689.65,21,4,28,11.0,18.35,10,190,36000,0.7742
20.45,69.1,682.03,21,4,28,10.0,18.23,10,190,36000,0.5611
20.76,65.9,686.91,21,4,28,11.0,18.11,10,190,36000,0.5616
19.86,67.6,690.16,22,4,28,11.0,18.0,10,190,36000,0.5725
20.03,67.0,423.67,16,0,36,0.0,21.88,4,190,36000,0.2175
19.92,69.0,423.57,16,0,36,0.0,21.8,4,190,36000,0.2962
20.61,67.1,433.98,16,0,36,1.0,21.71,4,190,36000,0.2883
21.48,67.3,866.85,17,0,36,18.0,21.62,4,190,36000,1.3092
20.96,68.3,862.1,17,0,36,18.0,21.53,4,190,36000,1.2456
20.82,71.6,888.96,17,0,36,19.0,21.43,4,190,36000,1.3949
20.96,74.5,855.33,17,0,36,17.0,21.33,4,190,36000,1.1474
20.62,66.9,863.76,17,0,36,18.0,21.22,4,190,36000,1.3374
20.54,74.1,894.41,17,0,36,19.0,21.11,4,190,36000,1.46
20.78,68.2,860.14,18,0,36,18.0,21.0,4,190,36000,1.093
19.78,71.8,441.31,8,1,36,1.0,19.89,8,150,30000,0.0
20.27,66.1,419.82,8,1,36,0.0,20.02,8,150,30000,0.1827
19.68,70.1,423.01,8,1,36,0.0,20.15,8,150,30000,0.3457
20.56,73.5,730.28,9,1,36,12.0,20.28,8,150,30000,0.7817
20.58,70.0,719.67,9,1,36,12.0,20.4,8,150,30000,0.7696
20.96,73.3,716.44,9,1,36,12.0,20.53,8,150,30000,0.9253
20.55,71.4,717.8,9,1,36,12.0,20.65,8,150,30000,0.8189
20.9,67.8,723.2,9,1,36,12.0,20.77,8,150,30000,0.8536
20.95,68.1,712.91,9,1,36,12.0,20.89,8,150,30000,0.8741
20.55,68.8,713.32,10,1,36,12.0,21.0,8,150,30000,0.9996
21.06,78.1,729.66,10,1,36,12.0,21.11,8,150,30000,0.9318
20.39,67.7,738.58,10,1,36,13.0,21.22,8,150,30000,1.057
20.5,73.5,710.97,10,1,36,12.0,21.33,8,150,30000,0.9647
20.73,74.6,736.95,10,1,36,13.0,21.43,8,150,30000,0.9811
21.17,70.0,719.39,10,1,36,12.0,21.53,8,150,30000,0.9664
20.42,69.4,728.3,11,1,36,12.0,21.62,8,150,30000,0.9629
20.33,67.2,415.36,15,1,36,0.0,22.27,6,150,30000,0.2439
19.8,67.0,409.42,15,1,36,0.0,22.22,6,150,30000,0.1506
20.45,65.4,435.08,15,1,36,1.0,22.16,6,150,30000,0.211
21.1,73.3,789.34,16,1,36,15.0,22.1,6,150,30000,1.2479
20.7,69.2,801.07,16,1,36,15.0,22.03,6,150,30000,1.1231
20.57,68.4,807.58,16,1,36,16.0,21.96,6,150,30000,1.1789
20.69,67.5,786.93,16,1,36,15.0,21.88,6,150,30000,1.1597
20.8,64.2,776.68,16,1,36,14.0,21.8,6,150,30000,1.0207
21.41,65.7,791.04,16,1,36,15.0,21.71,6,150,30000,1.0908
20.57,72.5,802.18,17,1,36,15.0,21.62,6,150,30000,1.104
20.54,71.7,781.01,17,1,36,14.0,21.53,6,150,30000,1.0299
20.71,73.2,819.03,17,1,36,16.0,21.43,6,150,30000,1.024
20.67,69.1,792.06,17,1,36,15.0,21.33,6,150,30000,1.1201
20.05,70.5,803.77,17,1,36,15.0,21.22,6,150,30000,0.9999
20.66,67.6,781.36,17,1,36,14.0,21.11,6,150,30000,0.8989
20.78,71.9,804.07,18,1,36,15.0,21.0,6,150,30000,0.9183
20.02,70.1,401.19,19,1,36,0.0,19.89,6,140,24000,0.0708
20.28,63.1,407.67,19,1,36,0.0,19.76,6,140,24000,0.2252
20.22,67.8,427.47,19,1,36,0.0,19.63,6,140,24000,0.0
20.37,64.9,651.68,20,1,36,9.0,19.5,6,140,24000,0.4988
20.15,69.0,649.49,20,1,36,9.0,19.37,6,140,24000,0.308
20.88,66.1,654.95,20,1,36,9.0,19.24,6,140,24000,0.4718
20.2,70.1,649.58,20,1,36,9.0,19.11,6,140,24000,0.5369
20.53,72.0,647.05,20,1,36,9.0,18.98,6,140,24000,0.439
20.63,66.7,618.84,20,1,36,8.0,18.85,6,140,24000,0.3556
20.13,72.8,633.89,21,1,36,9.0,18.72,6,140,24000,0.431
20.71,68.8,671.81,21,1,36,10.0,18.6,6,140,24000,0.5035
20.59,67.6,665.91,21,1,36,10.0,18.47,6,140,24000,0.4935
20.74,71.6,655.09,21,1,36,9.0,18.35,6,140,24000,0.5503
20.35,73.2,648.71,21,1,36,9.0,18.23,6,140,24000,0.4027
20.09,68.2,667.68,21,1,36,10.0,18.11,6,140,24000,0.3736
20.38,73.3,663.17,22,1,36,10.0,18.0,6,140,24000,0.3724
20.09,69.0,411.85,18,3,28,0.0,20.65,10,190,36000,0.185
20.0,64.9,436.25,18,3,28,1.0,20.53,10,190,36000,0.2599
19.86,66.9,440.25,18,3,28,1.0,20.4,10,190,36000,0.2394
20.57,66.9,938.09,19,3,28,21.0,20.28,10,190,36000,1.5359
20.8,72.1,926.79,19,3,28,20.0,20.15,10,190,36000,1.3143
20.94,76.2,964.49,19,3,28,22.0,20.02,10,190,36000,1.6343
20.72,67.7,931.38,19,3,28,20.0,19.89,10,190,36000,1.3833
20.93,76.5,928.5,19,3,28,20.0,19.76,10,190,36000,1.326
20.95,73.2,949.7,19,3,28,21.0,19.63,10,190,36000,1.5262
21.64,70.1,943.75,20,3,28,21.0,19.5,10,190,36000,1.4734
20.75,76.4,938.93,20,3,28,21.0,19.37,10,190,36000,1.3981
20.59,67.5,942.37,20,3,28,21.0,19.24,10,190,36000,1.3622
20.56,67.2,963.3,20,3,28,22.0,19.11,10,190,36000,1.3253
20.59,66.1,954.06,20,3,28,21.0,18.98,10,190,36000,1.5603
21.03,66.7,921.22,20,3,28,20.0,18.85,10,190,36000,1.3316
20.85,72.9,942.29,21,3,28,21.0,18.72,10,190,36000,1.1229
20.91,71.5,961.41,21,3,28,22.0,18.6,10,190,36000,1.1983
20.81,65.7,933.28,21,3,28,21.0,18.47,10,190,36000,1.203
20.91,62.7,965.09,21,3,28,22.0,18.35,10,190,36000,1.1183
21.04,70.3,955.35,21,3,28,21.0,18.23,10,190,36000,1.1922
21.11,71.2,952.36,21,3,28,21.0,18.11,10,190,36000,1.1334
20.82,72.1,960.15,22,3,28,22.0,18.0,10,190,36000,1.2201
20.81,61.5,417.86,15,4,36,0.0,22.27,6,150,30000,0.3204
20.36,69.8,427.83,15,4,36,0.0,22.22,6,150,30000,0.0236
19.81,62.1,434.8,15,4,36,1.0,22.16,6,150,30000,0.3017
20.79,77.5,766.16,16,4,36,14.0,22.1,6,150,30000,0.9421
20.26,62.4,760.06,16,4,36,14.0,22.03,6,150,30000,1.1563
20.62,73.7,801.16,16,4,36,15.0,21.96,6,150,30000,1.1368
20.77,73.1,774.58,16,4,36,14.0,21.88,6,150,30000,1.1028
20.81,68.7,769.67,16,4,36,14.0,21.8,6,150,30000,0.9692
20.71,68.2,775.14,16,4,36,14.0,21.71,6,150,30000,1.1955
20.65,66.0,752.71,17,4,36,13.0,21.62,6,150,30000,1.1164
20.84,66.1,783.2,17,4,36,15.0,21.53,6,150,30000,0.9797
20.78,68.4,770.13,17,4,36,14.0,21.43,6,150,30000,1.0314
20.55,69.7,765.72,17,4,36,14.0,21.33,6,150,30000,0.942
20.7,68.6,756.4,17,4,36,13.0,21.22,6,150,30000,0.9301
20.81,66.6,773.22,17,4,36,14.0,21.11,6,150,30000,0.8821
21.2,72.8,794.33,18,4,36,15.0,21.0,6,150,30000,1.1397
19.69,66.4,427.51,19,4,28,0.0,19.89,10,190,36000,0.0585
20.32,68.1,412.3,19,4,28,0.0,19.76,10,190,36000,0.103
20.54,64.9,400.0,19,4,28,0.0,19.63,10,190,36000,0.1575
21.17,68.2,1228.58,20,4,28,32.0,19.5,10,190,36000,1.9762
21.08,71.5,1226.73,20,4,28,32.0,19.37,10,190,36000,1.9995
21.58,69.3,1245.42,20,4,28,33.0,19.24,10,190,36000,2.0242
21.22,63.4,1233.26,20,4,28,33.0,19.11,10,190,36000,2.0492
21.73,70.4,1231.55,20,4,28,32.0,18.98,10,190,36000,1.8969
21.66,75.1,1245.78,20,4,28,33.0,18.85,10,190,36000,2.0062
21.31,72.5,1222.91,21,4,28,32.0,18.72,10,190,36000,1.8062
21.15,69.4,1235.18,21,4,28,33.0,18.6,10,190,36000,1.8428
21.41,73.8,1233.21,21,4,28,33.0,18.47,10,190,36000,1.8646
21.33,76.0,1264.95,21,4,28,34.0,18.35,10,190,36000,1.8834
21.36,69.5,1239.71,21,4,28,33.0,18.23,10,190,36000,1.9031
20.84,72.4,1247.93,21,4,28,33.0,18.11,10,190,36000,1.8083
21.01,70.6,1244.0,22,4,28,33.0,18.0,10,190,36000,1.6721
20.41,70.0,430.16,16,0,36,0.0,20.38,4,190,36000,0.0896
19.59,68.2,412.55,16,0,36,0.0,20.3,4,190,36000,0.0959
19.7,68.7,434.94,16,0,36,1.0,20.21,4,190,36000,0.0944
21.0,68.0,854.72,17,0,36,17.0,20.12,4,190,36000,1.199
20.55,62.1,860.52,17,0,36,18.0,20.03,4,190,36000,1.1213
20.46,71.8,865.19,17,0,36,18.0,19.93,4,190,36000,1.1471
20.72,68.4,865.86,17,0,36,18.0,19.83,4,190,36000,1.2295
21.0,67.0,877.68,17,0,36,18.0,19.72,4,190,36000,1.2263
20.97,72.2,857.56,17,0,36,18.0,19.61,4,190,36000,1.1555
20.81,68.5,889.69,18,0,36,19.0,19.5,4,190,36000,1.021
20.44,65.4,400.0,8,1,36,0.0,18.39,8,150,30000,0.0594
19.36,67.0,437.36,8,1,36,1.0,18.52,8,150,30000,0.1101
19.9,69.4,437.16,8,1,36,1.0,18.65,8,150,30000,0.0
20.62,66.4,711.86,9,1,36,12.0,18.78,8,150,30000,0.8244
20.02,72.5,696.43,9,1,36,11.0,18.9,8,150,30000,0.6553
20.37,73.1,706.38,9,1,36,11.0,19.03,8,150,30000,0.6299
20.52,71.1,730.83,9,1,36,12.0,19.15,8,150,30000,0.7948
20.57,67.4,692.88,9,1,36,11.0,19.27,8,150,30000,0.7215
20.5,70.9,726.19,9,1,36,12.0,19.39,8,150,30000,0.8192
20.76,62.9,734.56,10,1,36,13.0,19.5,8,150,30000,0.7928
20.26,66.4,709.08,10,1,36,12.0,19.61,8,150,30000,1.0102
20.54,68.3,724.56,10,1,36,12.0,19.72,8,150,30000,0.8243
20.38,73.6,715.21,10,1,36,12.0,19.83,8,150,30000,0.7566
20.21,65.2,733.42,10,1,36,13.0,19.93,8,150,30000,0.9991
20.68,71.2,729.81,10,1,36,12.0,20.03,8,150,30000,0.8646
20.39,74.5,724.2,11,1,36,12.0,20.12,8,150,30000,0.9659
20.43,71.8,400.0,15,1,36,0.0,20.77,6,150,30000,0.1307
20.52,67.0,400.0,15,1,36,0.0,20.72,6,150,30000,0.1503
20.16,71.1,400.0,15,1,36,0.0,20.66,6,150,30000,0.1713
20.76,68.8,814.91,16,1,36,16.0,20.6,6,150,30000,1.0459
20.83,72.5,807.61,16,1,36,16.0,20.53,6,150,30000,1.156
20.38,69.3,798.77,16,1,36,15.0,20.46,6,150,30000,1.0002
20.24,66.3,825.17,16,1,36,16.0,20.38,6,150,30000,1.0235
20.9,65.9,802.01,16,1,36,15.0,20.3,6,150,30000,1.0349
21.2,71.3,807.53,16,1,36,16.0,20.21,6,150,30000,1.119
20.25,70.9,818.93,17,1,36,16.0,20.12,6,150,30000,1.0237
20.73,67.2,840.1,17,1,36,17.0,20.03,6,150,30000,1.0255
20.04,71.4,817.81,17,1,36,16.0,19.93,6,150,30000,1.0808
20.32,67.3,817.75,17,1,36,16.0,19.83,6,150,30000,0.8847
20.56,71.2,832.39,17,1,36,16.0,19.72,6,150,30000,0.9368
20.44,68.2,837.67,17,1,36,17.0,19.61,6,150,30000,1.0737
20.44,68.0,838.81,18,1,36,17.0,19.5,6,150,30000,0.9052
20.15,67.0,405.16,19,1,36,0.0,18.39,6,140,24000,0.0233
20.4,63.9,400.54,19,1,36,0.0,18.26,6,140,24000,0.0097
19.8,64.8,403.2,19,1,36,0.0,18.13,6,140,24000,0.0789
20.5,68.8,609.47,20,1,36,8.0,18.0,6,140,24000,0.2868
20.58,64.0,609.28,20,1,36,8.0,17.87,6,140,24000,0.3099
21.11,69.2,608.85,20,1,36,8.0,17.74,6,140,24000,0.3867
20.52,66.9,614.32,20,1,36,8.0,17.61,6,140,24000,0.1634
20.3,69.0,619.75,20,1,36,8.0,17.48,6,140,24000,0.608
20.74,75.8,630.49,20,1,36,8.0,17.35,6,140,24000,0.3041
20.29,66.1,613.22,21,1,36,8.0,17.22,6,140,24000,0.2737
20.15,71.2,610.83,21,1,36,8.0,17.1,6,140,24000,0.4009
21.03,73.3,659.6,21,1,36,10.0,16.97,6,140,24000,0.4119
20.49,68.5,638.01,21,1,36,9.0,16.85,6,140,24000,0.2312
20.92,68.2,645.93,21,1,36,9.0,16.73,6,140,24000,0.4237
20.08,72.2,621.58,21,1,36,8.0,16.61,6,140,24000,0.4005
20.04,71.6,628.21,22,1,36,8.0,16.5,6,140,24000,0.27
20.35,69.8,432.64,18,3,28,1.0,19.15,10,190,36000,0.1293
20.06,64.2,416.21,18,3,28,0.0,19.03,10,190,36000,0.113
19.71,64.5,427.01,18,3,28,0.0,18.9,10,190,36000,0.0
20.75,69.5,563.91,19,3,28,6.0,18.78,10,190,36000,0.4792
20.73,66.9,566.95,19,3,28,6.0,18.65,10,190,36000,0.4507
20.7,68.3,558.97,19,3,28,6.0,18.52,10,190,36000,0.3714
20.44,71.2,583.41,19,3,28,7.0,18.39,10,190,36000,0.3693
20.68,65.6,613.06,19,3,28,8.0,18.26,10,190,36000,0.5179
20.45,67.9,568.26,19,3,28,6.0,18.13,10,190,36000,0.3273
20.2,64.2,562.93,20,3,28,6.0,18.0,10,190,36000,0.4401
20.3,68.9,556.49,20,3,28,5.0,17.87,10,190,36000,0.3115
20.55,67.4,581.21,20,3,28,6.0,17.74,10,190,36000,0.4226
20.06,70.4,555.6,20,3,28,5.0,17.61,10,190,36000,0.3108
20.11,72.0,585.72,20,3,28,7.0,17.48,10,190,36000,0.441
20.07,72.3,561.18,20,3,28,6.0,17.35,10,190,36000,0.2974
20.22,73.0,583.77,21,3,28,7.0,17.22,10,190,36000,0.4408
20.35,70.1,536.59,21,3,28,5.0,17.1,10,190,36000,0.4195
20.42,73.1,539.81,21,3,28,5.0,16.97,10,190,36000,0.2519
20.39,74.1,572.02,21,3,28,6.0,16.85,10,190,36000,0.2846
20.35,66.2,581.77,21,3,28,6.0,16.73,10,190,36000,0.3194
19.7,70.8,561.58,21,3,28,6.0,16.61,10,190,36000,0.2935
20.48,64.6,541.86,22,3,28,5.0,16.5,10,190,36000,0.1989
20.15,69.2,463.18,15,4,36,2.0,20.77,6,150,30000,0.2915
20.29,73.7,415.23,15,4,36,0.0,20.72,6,150,30000,0.1318
19.74,67.3,412.36,15,4,36,0.0,20.66,6,150,30000,0.2667
20.34,64.9,805.73,16,4,36,15.0,20.6,6,150,30000,1.0458
20.56,65.9,793.02,16,4,36,15.0,20.53,6,150,30000,1.0677
21.33,66.1,805.53,16,4,36,15.0,20.46,6,150,30000,1.114
20.29,69.9,800.49,16,4,36,15.0,20.38,6,150,30000,1.0092
20.29,63.1,815.0,16,4,36,16.0,20.3,6,150,30000,1.2035
20.76,63.6,814.18,16,4,36,16.0,20.21,6,150,30000,1.0328
20.64,74.6,787.51,17,4,36,15.0,20.12,6,150,30000,0.9198
20.54,69.6,806.33,17,4,36,15.0,20.03,6,150,30000,0.9501
21.45,65.1,806.56,17,4,36,15.0,19.93,6,150,30000,0.9645
20.94,66.8,812.81,17,4,36,16.0,19.83,6,150,30000,0.9134
20.93,66.1,773.78,17,4,36,14.0,19.72,6,150,30000,0.9013
20.36,68.4,791.16,17,4,36,15.0,19.61,6,150,30000,0.822
20.75,68.3,780.8,18,4,36,14.0,19.5,6,150,30000,0.9616
20.2,68.8,409.78,19,4,28,0.0,18.39,10,190,36000,0.0216
19.71,70.3,400.0,19,4,28,0.0,18.26,10,190,36000,0.0
20.43,67.4,410.25,19,4,28,0.0,18.13,10,190,36000,0.0
20.11,70.5,628.11,20,4,28,8.0,18.0,10,190,36000,0.4492
20.44,71.0,619.31,20,4,28,8.0,17.87,10,190,36000,0.4622
20.57,64.0,621.98,20,4,28,8.0,17.74,10,190,36000,0.3964
20.38,74.9,631.57,20,4,28,8.0,17.61,10,190,36000,0.4064
20.45,74.2,618.36,20,4,28,8.0,17.48,10,190,36000,0.465
20.05,70.7,622.36,20,4,28,8.0,17.35,10,190,36000,0.4383
20.09,68.7,633.74,21,4,28,9.0,17.22,10,190,36000,0.5732
20.63,69.5,636.67,21,4,28,9.0,17.1,10,190,36000,0.5891
20.15,67.0,627.51,21,4,28,8.0,16.97,10,190,36000,0.444
20.52,67.0,615.58,21,4,28,8.0,16.85,10,190,36000,0.4806
19.72,66.6,605.89,21,4,28,7.0,16.73,10,190,36000,0.2806
20.36,64.1,603.47,21,4,28,7.0,16.61,10,190,36000,0.4384
19.81,72.5,618.66,22,4,28,8.0,16.5,10,190,36000,0.4056
20.16,72.1,412.45,16,0,36,0.0,20.38,4,190,36000,0.1816
20.25,71.8,404.21,16,0,36,0.0,20.3,4,190,36000,0.266
20.29,68.9,448.21,16,0,36,1.0,20.21,4,190,36000,0.0131
20.8,70.6,816.91,17,0,36,16.0,20.12,4,190,36000,1.1178
20.72,68.7,855.77,17,0,36,17.0,20.03,4,190,36000,1.0642
20.24,61.6,820.27,17,0,36,16.0,19.93,4,190,36000,1.1329
20.72,70.4,835.99,17,0,36,17.0,19.83,4,190,36000,1.035
20.61,68.0,837.02,17,0,36,17.0,19.72,4,190,36000,1.0939
20.82,68.2,832.88,17,0,36,17.0,19.61,4,190,36000,1.1431
20.49,69.7,830.27,18,0,36,16.0,19.5,4,190,36000,1.0591
20.0,60.7,423.6,8,1,36,0.0,18.39,8,150,30000,0.0317
20.08,67.8,432.18,8,1,36,0.0,18.52,8,150,30000,0.0
20.01,69.1,429.05,8,1,36,0.0,18.65,8,150,30000,0.0
20.64,74.5,733.63,9,1,36,13.0,18.78,8,150,30000,0.8928
20.84,70.3,728.74,9,1,36,12.0,18.9,8,150,30000,0.7702
20.48,73.7,735.62,9,1,36,13.0,19.03,8,150,30000,0.7038
19.97,71.3,725.24,9,1,36,12.0,19.15,8,150,30000,0.8546
20.51,64.4,733.54,9,1,36,13.0,19.27,8,150,30000,0.8876
20.27,70.9,702.04,9,1,36,11.0,19.39,8,150,30000,0.8136
20.73,70.5,748.0,10,1,36,13.0,19.5,8,150,30000,0.8943
19.71,68.6,744.31,10,1,36,13.0,19.61,8,150,30000,0.9948
20.62,70.3,707.43,10,1,36,11.0,19.72,8,150,30000,0.7244
20.17,63.8,693.47,10,1,36,11.0,19.83,8,150,30000,0.8621
20.42,67.5,754.0,10,1,36,13.0,19.93,8,150,30000,0.9104
20.68,70.0,713.72,10,1,36,12.0,20.03,8,150,30000,0.9469
20.97,69.7,689.03,11,1,36,11.0,20.12,8,150,30000,0.9537
20.1,59.2,400.0,15,1,36,0.0,20.77,6,150,30000,0.099
19.72,69.3,427.7,15,1,36,0.0,20.72,6,150,30000,0.1509
20.21,59.7,429.92,15,1,36,0.0,20.66,6,150,30000,0.1547
20.22,70.6,760.81,16,1,36,14.0,20.6,6,150,30000,1.0811
20.16,64.9,779.82,16,1,36,14.0,20.53,6,150,30000,1.0388
20.6,73.7,760.9,16,1,36,14.0,20.46,6,150,30000,0.8804
20.06,74.2,737.74,16,1,36,13.0,20.38,6,150,30000,0.9502
20.44,69.1,768.25,16,1,36,14.0,20.3,6,150,30000,1.0285
21.0,70.6,784.01,16,1,36,15.0,20.21,6,150,30000,1.1935
20.91,74.6,772.77,17,1,36,14.0,20.12,6,150,30000,0.7926
20.2,69.1,761.74,17,1,36,14.0,20.03,6,150,30000,0.8789
20.97,75.8,821.82,17,1,36,16.0,19.93,6,150,30000,1.1379
20.36,70.9,753.76,17,1,36,13.0,19.83,6,150,30000,0.7444
21.01,70.7,793.93,17,1,36,15.0,19.72,6,150,30000,0.8657
20.98,68.4,772.5,17,1,36,14.0,19.61,6,150,30000,0.9392
20.22,62.7,743.62,18,1,36,13.0,19.5,6,150,30000,0.8771
19.97,73.0,436.86,19,1,36,1.0,18.39,6,140,24000,0.0161
19.85,71.5,432.98,19,1,36,1.0,18.26,6,140,24000,0.1057
20.33,66.8,444.35,19,1,36,1.0,18.13,6,140,24000,0.0649
20.52,68.2,635.29,20,1,36,9.0,18.0,6,140,24000,0.5265
20.37,69.5,628.74,20,1,36,8.0,17.87,6,140,24000,0.3599
19.93,66.6,621.47,20,1,36,8.0,17.74,6,140,24000,0.4392
20.48,67.9,619.5,20,1,36,8.0,17.61,6,140,24000,0.2878
20.56,74.3,614.5,20,1,36,8.0,17.48,6,140,24000,0.3452
20.17,67.8,619.82,20,1,36,8.0,17.35,6,140,24000,0.3523
20.38,71.3,629.31,21,1,36,8.0,17.22,6,140,24000,0.4232
20.53,71.2,641.52,21,1,36,9.0,17.1,6,140,24000,0.4199
20.28,69.3,627.46,21,1,36,8.0,16.97,6,140,24000,0.2719
20.74,71.2,623.12,21,1,36,8.0,16.85,6,140,24000,0.3866
20.62,65.9,606.47,21,1,36,7.0,16.73,6,140,24000,0.3522
20.17,67.8,595.24,21,1,36,7.0,16.61,6,140,24000,0.2816
20.38,74.9,616.68,22,1,36,8.0,16.5,6,140,24000,0.2854
20.22,69.6,428.57,18,3,28,0.0,19.15,10,190,36000,0.0673
20.24,67.7,427.82,18,3,28,0.0,19.03,10,190,36000,0.0
19.97,64.8,412.01,18,3,28,0.0,18.9,10,190,36000,0.0799
19.98,69.1,935.53,19,3,28,21.0,18.78,10,190,36000,1.4328
20.68,70.8,925.15,19,3,28,20.0,18.65,10,190,36000,1.2707
20.69,70.8,919.56,19,3,28,20.0,18.52,10,190,36000,1.39
20.15,71.3,916.35,19,3,28,20.0,18.39,10,190,36000,1.2114
21.33,65.6,925.78,19,3,28,20.0,18.26,10,190,36000,1.2677
21.04,74.3,907.52,19,3,28,20.0,18.13,10,190,36000,1.2645
20.87,69.9,905.33,20,3,28,19.0,18.0,10,190,36000,1.299
20.97,72.0,916.89,20,3,28,20.0,17.87,10,190,36000,1.0721
21.2,69.8,909.73,20,3,28,20.0,17.74,10,190,36000,1.245
21.04,74.2,894.22,20,3,28,19.0,17.61,10,190,36000,1.2154
20.38,67.6,895.84,20,3,28,19.0,17.48,10,190,36000,1.1702
21.22,69.3,919.32,20,3,28,20.0,17.35,10,190,36000,1.2945
20.21,67.9,936.28,21,3,28,21.0,17.22,10,190,36000,1.0819
21.28,68.6,923.38,21,3,28,20.0,17.1,10,190,36000,0.9244
21.09,70.4,916.76,21,3,28,20.0,16.97,10,190,36000,1.1682
20.94,69.8,908.36,21,3,28,20.0,16.85,10,190,36000,1.0112
21.12,71.1,924.85,21,3,28,20.0,16.73,10,190,36000,1.0807
21.13,68.6,929.39,21,3,28,20.0,16.61,10,190,36000,1.0125
20.32,68.1,895.87,22,3,28,19.0,16.5,10,190,36000,1.0532
20.33,68.3,403.66,15,4,36,0.0,20.77,6,150,30000,0.2271
20.27,66.6,420.35,15,4,36,0.0,20.72,6,150,30000,0.0974
19.47,69.4,434.18,15,4,36,1.0,20.66,6,150,30000,0.2852
20.61,67.5,769.4,16,4,36,14.0,20.6,6,150,30000,0.9957
20.53,67.3,783.14,16,4,36,15.0,20.53,6,150,30000,1.0307
20.75,71.4,788.01,16,4,36,15.0,20.46,6,150,30000,1.0424
20.36,70.3,785.05,16,4,36,15.0,20.38,6,150,30000,1.0171
20.42,65.7,753.83,16,4,36,13.0,20.3,6,150,30000,0.9582
21.25,68.7,770.36,16,4,36,14.0,20.21,6,150,30000,0.9886
20.62,65.7,772.62,17,4,36,14.0,20.12,6,150,30000,0.899
20.56,74.4,747.69,17,4,36,13.0,20.03,6,150,30000,0.9447
20.39,72.9,773.46,17,4,36,14.0,19.93,6,150,30000,0.8672
20.41,71.9,789.73,17,4,36,15.0,19.83,6,150,30000,0.9909
20.89,69.3,782.77,17,4,36,15.0,19.72,6,150,30000,0.9955
20.56,67.9,761.65,17,4,36,14.0,19.61,6,150,30000,1.0161
20.34,69.3,774.52,18,4,36,14.0,19.5,6,150,30000,0.8098
20.07,63.2,404.22,19,4,28,0.0,18.39,10,190,36000,0.1675
20.18,68.8,418.79,19,4,28,0.0,18.26,10,190,36000,0.0328
20.05,67.0,404.07,19,4,28,0.0,18.13,10,190,36000,0.0
21.44,76.9,1232.14,20,4,28,32.0,18.0,10,190,36000,1.8662
21.03,66.2,1220.75,20,4,28,32.0,17.87,10,190,36000,1.9669
21.24,73.1,1234.88,20,4,28,33.0,17.74,10,190,36000,1.9839
21.61,70.5,1228.67,20,4,28,32.0,17.61,10,190,36000,1.8317
21.46,73.4,1222.26,20,4,28,32.0,17.48,10,190,36000,1.8298
21.47,64.2,1207.63,20,4,28,32.0,17.35,10,190,36000,1.8756
21.77,71.6,1234.29,21,4,28,33.0,17.22,10,190,36000,1.7722
21.1,66.7,1221.14,21,4,28,32.0,17.1,10,190,36000,1.8581
21.3,78.8,1205.58,21,4,28,31.0,16.97,10,190,36000,1.8256
21.64,70.0,1237.41,21,4,28,33.0,16.85,10,190,36000,1.8957
21.6,72.6,1227.32,21,4,28,32.0,16.73,10,190,36000,1.7995
21.63,71.7,1211.58,21,4,28,32.0,16.61,10,190,36000,1.7367
21.08,69.7,1216.6,22,4,28,32.0,16.5,10,190,36000,1.6364
19.6,69.8,426.81,16,0,36,0.0,20.38,4,190,36000,0.2136
20.05,70.6,449.63,16,0,36,1.0,20.3,4,190,36000,0.3715
19.95,74.4,431.75,16,0,36,0.0,20.21,4,190,36000,0.2056
20.7,67.8,757.15,17,0,36,13.0,20.12,4,190,36000,0.8927
19.89,73.6,767.76,17,0,36,14.0,20.03,4,190,36000,0.9733
20.3,72.5,766.89,17,0,36,14.0,19.93,4,190,36000,0.9257
20.53,69.8,777.18,17,0,36,14.0,19.83,4,190,36000,0.8957
20.25,69.2,773.17,17,0,36,14.0,19.72,4,190,36000,0.937
20.37,72.3,743.25,17,0,36,13.0,19.61,4,190,36000,0.9001
20.33,71.9,786.89,18,0,36,15.0,19.5,4,190,36000,1.0994
19.87,68.5,434.16,8,1,36,1.0,18.39,8,150,30000,0.0849
20.15,73.5,438.15,8,1,36,1.0,18.52,8,150,30000,0.1979
19.3,70.4,411.49,8,1,36,0.0,18.65,8,150,30000,0.1843
20.49,67.0,701.39,9,1,36,11.0,18.78,8,150,30000,0.7098
20.21,68.0,694.46,9,1,36,11.0,18.9,8,150,30000,0.84
20.63,66.8,715.23,9,1,36,12.0,19.03,8,150,30000,0.8364
19.85,64.7,694.25,9,1,36,11.0,19.15,8,150,30000,0.6945
20.25,65.7,722.25,9,1,36,12.0,19.27,8,150,30000,0.8163
20.0,68.2,706.22,9,1,36,11.0,19.39,8,150,30000,0.7455
20.56,68.5,695.01,10,1,36,11.0,19.5,8,150,30000,0.7762
20.29,66.2,687.67,10,1,36,11.0,19.61,8,150,30000,0.7861
20.53,72.2,682.64,10,1,36,11.0,19.72,8,150,30000,0.8208
21.08,71.2,678.25,10,1,36,10.0,19.83,8,150,30000,0.788
20.92,73.1,692.67,10,1,36,11.0,19.93,8,150,30000,0.7523
20.41,68.8,712.61,10,1,36,12.0,20.03,8,150,30000,0.8922
20.42,64.1,681.12,11,1,36,10.0,20.12,8,150,30000,0.6848
20.3,65.4,428.67,15,1,36,0.0,20.77,6,150,30000,0.1788
19.97,59.9,420.84,15,1,36,0.0,20.72,6,150,30000,0.2049
19.85,66.1,416.75,15,1,36,0.0,20.66,6,150,30000,0.1647
21.01,67.5,798.67,16,1,36,15.0,20.6,6,150,30000,1.0687
20.5,66.9,792.33,16,1,36,15.0,20.53,6,150,30000,1.089
20.62,68.8,787.64,16,1,36,15.0,20.46,6,150,30000,0.9846
20.83,75.3,813.42,16,1,36,16.0,20.38,6,150,30000,1.074
20.71,69.0,795.63,16,1,36,15.0,20.3,6,150,30000,1.0696
20.92,70.2,778.08,16,1,36,14.0,20.21,6,150,30000,1.0439
20.83,67.0,779.0,17,1,36,14.0,20.12,6,150,30000,0.9585
20.16,72.3,801.54,17,1,36,15.0,20.03,6,150,30000,1.1836
20.83,67.0,820.61,17,1,36,16.0,19.93,6,150,30000,1.0239
20.79,65.7,826.72,17,1,36,16.0,19.83,6,150,30000,1.1055
20.7,71.4,785.45,17,1,36,15.0,19.72,6,150,30000,1.063
20.3,67.9,769.44,17,1,36,14.0,19.61,6,150,30000,0.8871
20.89,64.7,774.21,18,1,36,14.0,19.5,6,150,30000,0.7846
19.87,66.6,432.41,19,1,36,0.0,18.39,6,140,24000,0.0
20.02,67.5,400.0,19,1,36,0.0,18.26,6,140,24000,0.027
20.18,73.1,417.38,19,1,36,0.0,18.13,6,140,24000,0.0958
20.28,70.8,653.84,20,1,36,9.0,18.0,6,140,24000,0.4267
20.98,69.2,674.92,20,1,36,10.0,17.87,6,140,24000,0.4638
20.6,65.3,652.91,20,1,36,9.0,17.74,6,140,24000,0.3747
20.05,72.1,650.39,20,1,36,9.0,17.61,6,140,24000,0.4499
20.32,68.8,627.6,20,1,36,8.0,17.48,6,140,24000,0.1891
20.24,71.8,670.11,20,1,36,10.0,17.35,6,140,24000,0.4686
20.2,66.9,613.77,21,1,36,8.0,17.22,6,140,24000,0.3343
20.38,63.5,643.07,21,1,36,9.0,17.1,6,140,24000,0.2639
20.72,73.0,640.25,21,1,36,9.0,16.97,6,140,24000,0.5476
19.97,67.6,633.44,21,1,36,9.0,16.85,6,140,24000,0.2626
20.42,65.5,640.57,21,1,36,9.0,16.73,6,140,24000,0.2874
20.46,70.7,641.98,21,1,36,9.0,16.61,6,140,24000,0.2775
20.7,71.9,638.96,22,1,36,9.0,16.5,6,140,24000,0.4331
19.91,66.0,400.0,18,3,28,0.0,19.15,10,190,36000,0.0118
19.85,69.1,423.53,18,3,28,0.0,19.03,10,190,36000,0.1277
20.14,72.8,423.9,18,3,28,0.0,18.9,10,190,36000,0.1118
20.26,65.3,566.36,19,3,28,6.0,18.78,10,190,36000,0.4649
20.26,71.3,552.19,19,3,28,5.0,18.65,10,190,36000,0.2655
20.56,69.8,564.53,19,3,28,6.0,18.52,10,190,36000,0.3764
20.13,70.1,583.75,19,3,28,7.0,18.39,10,190,36000,0.6145
19.92,70.6,551.17,19,3,28,5.0,18.26,10,190,36000,0.2388
20.49,70.3,534.87,19,3,28,5.0,18.13,10,190,36000,0.2661
19.37,68.2,574.83,20,3,28,6.0,18.0,10,190,36000,0.347
20.42,69.7,579.72,20,3,28,6.0,17.87,10,190,36000,0.4247
20.33,63.2,555.4,20,3,28,5.0,17.74,10,190,36000,0.3201
20.0,75.7,565.8,20,3,28,6.0,17.61,10,190,36000,0.4194
20.44,71.2,573.59,20,3,28,6.0,17.48,10,190,36000,0.2746
20.88,74.6,540.01,20,3,28,5.0,17.35,10,190,36000,0.3756
20.02,70.0,583.36,21,3,28,7.0,17.22,10,190,36000,0.4329
20.31,68.9,559.19,21,3,28,6.0,17.1,10,190,36000,0.2045
20.32,69.0,570.72,21,3,28,6.0,16.97,10,190,36000,0.4552
20.21,73.7,557.2,21,3,28,5.0,16.85,10,190,36000,0.4601
19.58,69.6,588.1,21,3,28,7.0,16.73,10,190,36000,0.3259
19.95,63.5,542.54,21,3,28,5.0,16.61,10,190,36000,0.2812
20.17,67.6,576.05,22,3,28,6.0,16.5,10,190,36000,0.4178
20.39,72.5,411.44,15,4,36,0.0,20.77,6,150,30000,0.0394
20.32,70.8,443.47,15,4,36,1.0,20.72,6,150,30000,0.0571
20.46,69.4,430.56,15,4,36,0.0,20.66,6,150,30000,0.0479
20.47,71.0,767.01,16,4,36,14.0,20.6,6,150,30000,0.9406
20.4,70.3,760.06,16,4,36,14.0,20.53,6,150,30000,0.9357
20.14,69.0,758.47,16,4,36,14.0,20.46,6,150,30000,1.0266
20.37,73.1,787.34,16,4,36,15.0,20.38,6,150,30000,1.0548
21.13,68.6,748.16,16,4,36,13.0,20.3,6,150,30000,0.8093
20.61,72.2,764.19,16,4,36,14.0,20.21,6,150,30000,1.0091
20.45,67.0,744.87,17,4,36,13.0,20.12,6,150,30000,1.0193
20.68,74.0,758.02,17,4,36,14.0,20.03,6,150,30000,1.0175
20.55,73.6,765.16,17,4,36,14.0,19.93,6,150,30000,0.9954
20.64,64.9,757.58,17,4,36,14.0,19.83,6,150,30000,0.912
20.48,70.2,785.95,17,4,36,15.0,19.72,6,150,30000,1.0404
20.26,67.2,780.48,17,4,36,14.0,19.61,6,150,30000,0.8205
20.49,67.2,778.41,18,4,36,14.0,19.5,6,150,30000,0.9103
19.95,66.4,417.04,19,4,28,0.0,18.39,10,190,36000,0.0211
20.54,69.4,422.4,19,4,28,0.0,18.26,10,190,36000,0.1092
20.46,68.0,405.28,19,4,28,0.0,18.13,10,190,36000,0.0466
20.66,72.7,615.71,20,4,28,8.0,18.0,10,190,36000,0.3928
20.52,67.1,637.53,20,4,28,9.0,17.87,10,190,36000,0.5502
20.59,66.3,645.86,20,4,28,9.0,17.74,10,190,36000,0.6375
20.69,71.0,633.05,20,4,28,9.0,17.61,10,190,36000,0.4497
20.17,66.2,667.32,20,4,28,10.0,17.48,10,190,36000,0.5553
19.77,62.9,642.38,20,4,28,9.0,17.35,10,190,36000,0.4785
20.28,69.0,628.78,21,4,28,8.0,17.22,10,190,36000,0.3231
20.59,67.7,627.31,21,4,28,8.0,17.1,10,190,36000,0.5196
20.38,65.0,656.25,21,4,28,9.0,16.97,10,190,36000,0.603
20.38,63.8,643.46,21,4,28,9.0,16.85,10,190,36000,0.5621
20.52,72.3,668.1,21,4,28,10.0,16.73,10,190,36000,0.5728
20.19,68.9,638.59,21,4,28,9.0,16.61,10,190,36000,0.4939
20.45,69.3,638.02,22,4,28,9.0,16.5,10,190,36000,0.4782
19.61,69.0,428.58,16,0,36,0.0,20.38,4,190,36000,0.0843
19.73,67.5,414.03,16,0,36,0.0,20.3,4,190,36000,0.2095
20.03,70.8,421.88,16,0,36,0.0,20.21,4,190,36000,0.2162
20.81,70.9,754.32,17,0,36,13.0,20.12,4,190,36000,0.9897
20.7,68.7,743.47,17,0,36,13.0,20.03,4,190,36000,0.8672
20.13,69.1,727.91,17,0,36,12.0,19.93,4,190,36000,0.8494
20.97,66.2,739.28,17,0,36,13.0,19.83,4,190,36000,0.8844
20.97,72.9,741.38,17,0,36,13.0,19.72,4,190,36000,1.0342
20.68,71.7,755.56,17,0,36,13.0,19.61,4,190,36000,0.8989
20.25,64.3,734.52,18,0,36,13.0,19.5,4,190,36000,0.6869
19.54,68.6,405.6,8,1,36,0.0,18.39,8,150,30000,0.0576
19.75,74.0,400.0,8,1,36,0.0,18.52,8,150,30000,0.1849
19.63,66.2,418.9,8,1,36,0.0,18.65,8,150,30000,0.0977
21.33,70.3,1146.69,9,1,36,29.0,18.78,8,150,30000,1.8407
21.04,69.2,1161.02,9,1,36,30.0,18.9,8,150,30000,1.8404
21.3,79.3,1156.78,9,1,36,29.0,19.03,8,150,30000,1.6291
21.26,65.8,1139.21,9,1,36,29.0,19.15,8,150,30000,1.6499
21.11,70.5,1157.57,9,1,36,30.0,19.27,8,150,30000,1.7623
21.26,67.3,1127.83,9,1,36,28.0,19.39,8,150,30000,1.7412
20.57,67.7,1127.82,10,1,36,28.0,19.5,8,150,30000,1.8948
21.2,76.1,1140.1,10,1,36,29.0,19.61,8,150,30000,1.9957
21.4,70.0,1149.7,10,1,36,29.0,19.72,8,150,30000,1.9205
21.07,67.4,1143.7,10,1,36,29.0,19.83,8,150,30000,2.0316
21.06,70.8,1157.5,10,1,36,30.0,19.93,8,150,30000,2.0025
21.38,69.0,1139.16,10,1,36,29.0,20.03,8,150,30000,1.9119
20.93,71.3,1133.84,11,1,36,29.0,20.12,8,150,30000,2.1414
20.3,67.2,400.32,15,1,36,0.0,20.77,6,150,30000,0.0847
19.96,67.9,445.4,15,1,36,1.0,20.72,6,150,30000,0.0
20.01,62.4,426.85,15,1,36,0.0,20.66,6,150,30000,0.0668
20.92,69.7,749.13,16,1,36,13.0,20.6,6,150,30000,0.9337
21.0,71.4,736.72,16,1,36,13.0,20.53,6,150,30000,0.6757
20.71,72.8,753.0,16,1,36,13.0,20.46,6,150,30000,0.8896
20.61,68.6,728.29,16,1,36,12.0,20.38,6,150,30000,0.8272
20.14,73.6,737.45,16,1,36,13.0,20.3,6,150,30000,0.7949
20.65,69.4,754.38,16,1,36,13.0,20.21,6,150,30000,0.7853
19.94,73.6,754.55,17,1,36,13.0,20.12,6,150,30000,0.8323
20.82,68.6,730.17,17,1,36,12.0,20.03,6,150,30000,0.7629
20.81,69.3,737.62,17,1,36,13.0,19.93,6,150,30000,0.9593
20.56,70.8,741.29,17,1,36,13.0,19.83,6,150,30000,0.8828
20.36,67.8,739.84,17,1,36,13.0,19.72,6,150,30000,0.7201
20.4,66.3,736.59,17,1,36,13.0,19.61,6,150,30000,0.7719
20.28,71.9,761.75,18,1,36,14.0,19.5,6,150,30000,0.9067
19.58,70.2,405.9,19,1,36,0.0,18.39,6,140,24000,0.1727
19.94,65.6,413.75,19,1,36,0.0,18.26,6,140,24000,0.045
19.82,63.5,438.76,19,1,36,1.0,18.13,6,140,24000,0.0804
20.1,66.2,585.49,20,1,36,7.0,18.0,6,140,24000,0.4639
20.32,69.8,549.8,20,1,36,5.0,17.87,6,140,24000,0.2232
20.57,70.9,556.49,20,1,36,5.0,17.74,6,140,24000,0.2003
20.58,66.4,589.7,20,1,36,7.0,17.61,6,140,24000,0.2019
20.21,69.2,573.38,20,1,36,6.0,17.48,6,140,24000,0.229
19.84,76.0,575.21,20,1,36,6.0,17.35,6,140,24000,0.4443
20.62,75.5,563.3,21,1,36,6.0,17.22,6,140,24000,0.1353
20.05,71.3,578.38,21,1,36,6.0,17.1,6,140,24000,0.2499
20.42,61.6,582.76,21,1,36,7.0,16.97,6,140,24000,0.1779
20.17,68.9,554.65,21,1,36,5.0,16.85,6,140,24000,0.2178
20.19,65.0,566.16,21,1,36,6.0,16.73,6,140,24000,0.32
19.73,70.7,601.56,21,1,36,7.0,16.61,6,140,24000,0.271
20.25,72.5,565.52,22,1,36,6.0,16.5,6,140,24000,0.2879
19.79,65.5,400.0,18,3,28,0.0,19.15,10,190,36000,0.1405
19.96,66.5,427.75,18,3,28,0.0,19.03,10,190,36000,0.1099
19.94,63.9,413.24,18,3,28,0.0,18.9,10,190,36000,0.2021
20.99,69.7,889.89,19,3,28,19.0,18.78,10,190,36000,1.347
20.41,72.1,918.85,19,3,28,20.0,18.65,10,190,36000,1.3156
20.26,72.0,919.05,19,3,28,20.0,18.52,10,190,36000,1.2761
20.94,72.7,916.48,19,3,28,20.0,18.39,10,190,36000,1.2536
20.84,70.3,931.42,19,3,28,20.0,18.26,10,190,36000,1.35
20.6,69.2,936.79,19,3,28,21.0,18.13,10,190,36000,1.3413
20.99,72.8,923.39,20,3,28,20.0,18.0,10,190,36000,1.4183
20.51,66.1,924.19,20,3,28,20.0,17.87,10,190,36000,1.3474
20.51,71.2,923.32,20,3,28,20.0,17.74,10,190,36000,1.1828
20.49,72.9,915.68,20,3,28,20.0,17.61,10,190,36000,1.1737
20.95,70.2,919.46,20,3,28,20.0,17.48,10,190,36000,1.3352
21.11,68.1,926.73,20,3,28,20.0,17.35,10,190,36000,1.0493
20.82,72.8,924.4,21,3,28,20.0,17.22,10,190,36000,1.0707
20.04,69.2,939.22,21,3,28,21.0,17.1,10,190,36000,1.2382
20.99,66.3,911.09,21,3,28,20.0,16.97,10,190,36000,1.0339
20.83,69.1,925.72,21,3,28,20.0,16.85,10,190,36000,1.0687
20.77,66.3,927.93,21,3,28,20.0,16.73,10,190,36000,1.0787
20.91,69.2,933.52,21,3,28,21.0,16.61,10,190,36000,1.215
20.55,71.5,932.47,22,3,28,20.0,16.5,10,190,36000,1.031
19.92,69.9,421.7,15,4,36,0.0,20.77,6,150,30000,0.1901
20.12,68.2,400.0,15,4,36,0.0,20.72,6,150,30000,0.2027
20.67,68.1,416.77,15,4,36,0.0,20.66,6,150,30000,0.154
20.69,67.2,776.76,16,4,36,14.0,20.6,6,150,30000,1.0748
20.02,70.5,772.5,16,4,36,14.0,20.53,6,150,30000,0.9237
20.55,70.9,772.35,16,4,36,14.0,20.46,6,150,30000,0.8631
20.99,68.4,778.6,16,4,36,14.0,20.38,6,150,30000,0.8313
20.67,72.1,762.38,16,4,36,14.0,20.3,6,150,30000,0.8392
20.92,69.7,760.13,16,4,36,14.0,20.21,6,150,30000,0.9197
20.7,70.0,774.61,17,4,36,14.0,20.12,6,150,30000,1.0093
20.1,72.0,757.66,17,4,36,14.0,20.03,6,150,30000,0.9357
20.6,72.5,764.86,17,4,36,14.0,19.93,6,150,30000,0.8682
20.34,73.2,766.43,17,4,36,14.0,19.83,6,150,30000,0.8248
20.51,68.5,762.76,17,4,36,14.0,19.72,6,150,30000,0.8618
20.07,70.4,754.17,17,4,36,13.0,19.61,6,150,30000,0.808
20.3,67.2,773.35,18,4,36,14.0,19.5,6,150,30000,0.805
19.89,65.1,400.0,19,4,28,0.0,18.39,10,190,36000,0.0
19.46,69.1,427.1,19,4,28,0.0,18.26,10,190,36000,0.0
19.97,69.8,412.99,19,4,28,0.0,18.13,10,190,36000,0.0907
21.72,73.8,1239.36,20,4,28,33.0,18.0,10,190,36000,1.806
21.29,71.4,1275.63,20,4,28,34.0,17.87,10,190,36000,2.0208
21.63,69.9,1238.04,20,4,28,33.0,17.74,10,190,36000,1.8103
21.19,74.0,1262.74,20,4,28,34.0,17.61,10,190,36000,2.0546
21.0,71.4,1248.78,20,4,28,33.0,17.48,10,190,36000,1.9202
20.99,74.3,1219.94,20,4,28,32.0,17.35,10,190,36000,1.7531
21.13,69.1,1242.01,21,4,28,33.0,17.22,10,190,36000,1.8343
21.44,68.4,1249.67,21,4,28,33.0,17.1,10,190,36000,1.9717
21.02,69.7,1247.78,21,4,28,33.0,16.97,10,190,36000,1.835
21.15,73.4,1237.17,21,4,28,33.0,16.85,10,190,36000,1.9192
21.42,75.5,1236.96,21,4,28,33.0,16.73,10,190,36000,1.8205
21.69,68.0,1267.52,21,4,28,34.0,16.61,10,190,36000,1.709
20.7,74.0,1240.22,22,4,28,33.0,16.5,10,190,36000,1.7222
20.32,64.7,417.08,16,0,36,0.0,20.38,4,190,36000,0.1093
20.15,67.5,419.81,16,0,36,0.0,20.3,4,190,36000,0.021
19.79,71.7,422.0,16,0,36,0.0,20.21,4,190,36000,0.1954
20.09,71.7,719.68,17,0,36,12.0,20.12,4,190,36000,0.8774
20.18,70.2,707.01,17,0,36,11.0,20.03,4,190,36000,0.7464
20.38,69.9,715.31,17,0,36,12.0,19.93,4,190,36000,0.9125
20.17,68.8,727.33,17,0,36,12.0,19.83,4,190,36000,0.7673
20.41,73.1,717.79,17,0,36,12.0,19.72,4,190,36000,0.882
20.24,69.0,721.27,17,0,36,12.0,19.61,4,190,36000,0.7486
20.44,71.2,706.37,18,0,36,11.0,19.5,4,190,36000,0.7652
19.89,71.2,419.92,8,1,36,0.0,18.39,8,150,30000,0.0
20.11,72.2,413.6,8,1,36,0.0,18.52,8,150,30000,0.1535
20.14,70.0,410.3,8,1,36,0.0,18.65,8,150,30000,0.0632
20.35,68.1,611.31,9,1,36,8.0,18.78,8,150,30000,0.6403
20.6,66.1,589.83,9,1,36,7.0,18.9,8,150,30000,0.4085
20.55,71.5,596.59,9,1,36,7.0,19.03,8,150,30000,0.4448
20.18,69.3,593.64,9,1,36,7.0,19.15,8,150,30000,0.558
20.07,69.2,603.19,9,1,36,7.0,19.27,8,150,30000,0.2792
20.31,77.2,617.88,9,1,36,8.0,19.39,8,150,30000,0.4806
20.58,62.7,612.34,10,1,36,8.0,19.5,8,150,30000,0.6877
20.25,62.6,596.84,10,1,36,7.0,19.61,8,150,30000,0.5862
20.52,72.0,607.01,10,1,36,7.0,19.72,8,150,30000,0.6346
19.8,67.4,607.98,10,1,36,8.0,19.83,8,150,30000,0.602
20.38,66.7,608.62,10,1,36,8.0,19.93,8,150,30000,0.6785
20.39,71.3,603.25,10,1,36,7.0,20.03,8,150,30000,0.5183
20.31,70.0,616.57,11,1,36,8.0,20.12,8,150,30000,0.5635
20.51,70.4,417.59,15,1,36,0.0,20.77,6,150,30000,0.0223
20.27,70.9,415.09,15,1,36,0.0,20.72,6,150,30000,0.1109
20.56,69.3,400.0,15,1,36,0.0,20.66,6,150,30000,0.1077
20.12,67.1,691.43,16,1,36,11.0,20.6,6,150,30000,0.7561
20.25,67.6,714.83,16,1,36,12.0,20.53,6,150,30000,0.5784
20.33,66.9,701.75,16,1,36,11.0,20.46,6,150,30000,0.6386
21.18,69.9,710.59,16,1,36,12.0,20.38,6,150,30000,0.8111
19.8,73.1,736.37,16,1,36,13.0,20.3,6,150,30000,0.932
20.27,66.2,725.66,16,1,36,12.0,20.21,6,150,30000,0.7978
20.45,69.3,716.88,17,1,36,12.0,20.12,6,150,30000,0.7416
20.38,68.9,731.31,17,1,36,12.0,20.03,6,150,30000,0.6219
21.0,66.6,738.62,17,1,36,13.0,19.93,6,150,30000,1.0202
20.5,71.5,703.75,17,1,36,11.0,19.83,6,150,30000,0.6496
20.21,68.6,724.12,17,1,36,12.0,19.72,6,150,30000,0.9236
20.72,68.6,735.72,17,1,36,13.0,19.61,6,150,30000,0.9651
20.57,68.5,728.62,18,1,36,12.0,19.5,6,150,30000,0.7629
20.03,71.6,413.22,19,1,36,0.0,18.39,6,140,24000,0.0
19.71,64.8,409.0,19,1,36,0.0,18.26,6,140,24000,0.0246
19.7,73.5,405.57,19,1,36,0.0,18.13,6,140,24000,0.0
20.05,66.5,577.96,20,1,36,6.0,18.0,6,140,24000,0.2909
20.49,71.2,579.05,20,1,36,6.0,17.87,6,140,24000,0.2702
20.14,70.0,593.22,20,1,36,7.0,17.74,6,140,24000,0.3576
20.47,72.9,558.88,20,1,36,6.0,17.61,6,140,24000,0.346
20.4,67.2,557.8,20,1,36,6.0,17.48,6,140,24000,0.4086
20.45,71.3,578.26,20,1,36,6.0,17.35,6,140,24000,0.2389
20.67,64.6,573.7,21,1,36,6.0,17.22,6,140,24000,0.3325
20.01,66.0,561.99,21,1,36,6.0,17.1,6,140,24000,0.1857
20.5,66.2,581.27,21,1,36,6.0,16.97,6,140,24000,0.1775
20.07,68.2,540.67,21,1,36,5.0,16.85,6,140,24000,0.1581
20.25,68.0,543.41,21,1,36,5.0,16.73,6,140,24000,0.129
19.76,68.5,559.94,21,1,36,6.0,16.61,6,140,24000,0.3275
20.18,70.5,572.82,22,1,36,6.0,16.5,6,140,24000,0.3034
19.67,67.1,437.69,18,3,28,1.0,18.15,10,190,36000,0.1816
19.8,65.4,415.28,18,3,28,0.0,18.03,10,190,36000,0.0001
20.06,69.4,400.0,18,3,28,0.0,17.9,10,190,36000,0.022
19.9,68.0,506.47,19,3,28,3.0,17.78,10,190,36000,0.1477
20.32,69.1,515.21,19,3,28,4.0,17.65,10,190,36000,0.1666
20.02,61.7,516.28,19,3,28,4.0,17.52,10,190,36000,0.2944
19.92,64.3,504.3,19,3,28,3.0,17.39,10,190,36000,0.2154
20.07,71.4,528.39,19,3,28,4.0,17.26,10,190,36000,0.1701
20.26,66.0,521.08,19,3,28,4.0,17.13,10,190,36000,0.3055
20.44,70.0,481.39,20,3,28,2.0,17.0,10,190,36000,0.0
20.18,69.2,506.15,20,3,28,3.0,16.87,10,190,36000,0.1657
20.25,68.1,512.45,20,3,28,4.0,16.74,10,190,36000,0.1896
20.27,69.4,510.39,20,3,28,4.0,16.61,10,190,36000,0.1977
19.62,70.0,529.3,20,3,28,4.0,16.48,10,190,36000,0.1533
19.94,65.0,500.38,20,3,28,3.0,16.35,10,190,36000,0.2562
20.72,68.8,489.61,21,3,28,3.0,16.22,10,190,36000,0.2113
20.12,67.3,523.38,21,3,28,4.0,16.1,10,190,36000,0.316
19.84,66.0,495.14,21,3,28,3.0,15.97,10,190,36000,0.1765
20.33,68.1,526.53,21,3,28,4.0,15.85,10,190,36000,0.1175
20.45,66.5,496.64,21,3,28,3.0,15.73,10,190,36000,0.1357
19.5,67.8,514.66,21,3,28,4.0,15.61,10,190,36000,0.126
19.47,72.7,523.89,22,3,28,4.0,15.5,10,190,36000,0.2397
20.21,71.8,423.12,15,4,36,0.0,19.77,6,150,30000,0.1968
20.54,65.5,420.31,15,4,36,0.0,19.72,6,150,30000,0.1233
19.53,67.1,418.48,15,4,36,0.0,19.66,6,150,30000,0.0456
20.59,69.8,738.31,16,4,36,13.0,19.6,6,150,30000,0.8385
20.42,67.4,733.15,16,4,36,13.0,19.53,6,150,30000,0.8804
20.37,64.5,743.04,16,4,36,13.0,19.46,6,150,30000,0.7443
21.05,68.7,767.8,16,4,36,14.0,19.38,6,150,30000,0.9272
20.59,69.7,719.29,16,4,36,12.0,19.3,6,150,30000,0.8069
19.92,69.2,733.46,16,4,36,13.0,19.21,6,150,30000,0.8021
20.62,68.8,719.93,17,4,36,12.0,19.12,6,150,30000,0.72
20.48,63.5,742.09,17,4,36,13.0,19.03,6,150,30000,0.8195
20.72,68.3,761.37,17,4,36,14.0,18.93,6,150,30000,0.792
20.27,76.8,745.43,17,4,36,13.0,18.83,6,150,30000,0.7286
20.75,75.8,731.92,17,4,36,12.0,18.72,6,150,30000,0.7928
20.72,70.7,733.58,17,4,36,13.0,18.61,6,150,30000,0.7995
20.88,68.9,747.72,18,4,36,13.0,18.5,6,150,30000,0.8713
19.57,67.7,411.76,19,4,28,0.0,17.39,10,190,36000,0.0
20.01,66.7,433.67,19,4,28,1.0,17.26,10,190,36000,0.0
20.07,66.4,425.85,19,4,28,0.0,17.13,10,190,36000,0.0735
20.46,67.0,586.82,20,4,28,7.0,17.0,10,190,36000,0.4947
20.29,71.7,604.04,20,4,28,7.0,16.87,10,190,36000,0.359
20.31,73.6,574.89,20,4,28,6.0,16.74,10,190,36000,0.2406
20.39,70.4,599.81,20,4,28,7.0,16.61,10,190,36000,0.4142
19.96,64.9,608.23,20,4,28,8.0,16.48,10,190,36000,0.3378
19.96,68.7,587.13,20,4,28,7.0,16.35,10,190,36000,0.3905
19.96,64.2,600.77,21,4,28,7.0,16.22,10,190,36000,0.2105
20.47,72.9,578.52,21,4,28,6.0,16.1,10,190,36000,0.3106
19.77,66.5,623.04,21,4,28,8.0,15.97,10,190,36000,0.2706
20.21,71.9,594.8,21,4,28,7.0,15.85,10,190,36000,0.3659
20.24,65.5,574.32,21,4,28,6.0,15.73,10,190,36000,0.4508
20.31,66.8,597.62,21,4,28,7.0,15.61,10,190,36000,0.3633
20.05,66.5,579.65,22,4,28,6.0,15.5,10,190,36000,0.3648
